Marshall,Smith,smith@mail,host
Stevenson,Brown,brown@mail,host
Wood,Wilson,wilson@mail,host
Sutherland,Thomson,thomson@mail,host
Craig,Robertson,robertson@mail,host
Wright,Campbell,campbell@mail,host
Mckenzie,Stewart,stewart@mail,host
Kennedy,Anderson,anderson@mail,host
Jones,Macdonald,macdonald@mail,host,
Burns,Scott,scott@mail,host
White,Reid,reid@mail,host
Uir,Murray,murray@mail,host